Name,Age,Height,Weight
John,28,175,70
Alice,24,160,55
Bob,30,180,80
Diana,22,165,60
John,28,175,70
Alice,24,160,55
Bob,30,180,80
Diana,22,165,60
John,28,175,70
Alice,24,160,55
Bob,30,180,80
Diana,22,165,60
John,28,175,70
Alice,24,160,55
Bob,30,180,80
Diana,22,165,60
John,28,175,70
Alice,24,160,55
Bob,30,180,80
Diana,22,165,60
John,28,175,70
Alice,24,160,55
Bob,30,180,80
Diana,22,165,60
John,28,175,70
Alice,24,160,55
Bob,30,180,80
Diana,22,165,60
John,28,175,70
Alice,24,160,55
Bob,30,180,80
Diana,22,165,60
John,28,175,70
Alice,24,160,55
Bob,30,180,80
Diana,22,165,60
John,28,175,70
Alice,24,160,55
Bob,30,180,80
Diana,22,165,60
John,28,175,70
Alice,24,160,55
Bob,30,180,80
Diana,22,165,60
John,28,175,70
Alice,24,160,55
Bob,30,180,80
Diana,22,165,60
John,28,175,70
Alice,24,160,55
Bob,30,180,80
Diana,22,165,60
John,28,175,70
Alice,24,160,55
Bob,30,180,80
Diana,22,165,60
John,28,175,70
Alice,24,160,55
Bob,30,180,80
Diana,22,165,60
John,28,175,70
Alice,24,160,55
Bob,30,180,80
Diana,22,165,60
John,28,175,70
Alice,24,160,55
Bob,30,180,80
Diana,22,165,60
John,28,175,70
Alice,24,160,55
Bob,30,180,80
Diana,22,165,60
John,28,175,70
Alice,24,160,55
Bob,30,180,80
Diana,22,165,60
John,28,175,70
Alice,24,160,55
Bob,30,180,80
Diana,22,165,60
John,28,175,70
Alice,24,160,55
Bob,30,180,80
Diana,22,165,60
John,28,175,70
Alice,24,160,55
Bob,30,180,80
Diana,22,165,60
John,28,175,70
Alice,24,160,55
Bob,30,180,80
Diana,22,165,60
John,28,175,70
Alice,24,160,55
Bob,30,180,80
Diana,22,165,60
John,28,175,70
Alice,24,160,55
Bob,30,180,80
Diana,22,165,60
John,28,175,70
Alice,24,160,55
Bob,30,180,80
Diana,22,165,60
John,28,175,70
Alice,24,160,55
Bob,30,180,80
Diana,22,165,60
John,28,175,70
Alice,24,160,55
Bob,30,180,80
Diana,22,165,60
John,28,175,70
Alice,24,160,55
Bob,30,180,80
Diana,22,165,60
John,28,175,70
Alice,24,160,55
Bob,30,180,80
Diana,22,165,60
John,28,175,70
Alice,24,160,55
Bob,30,180,80
Diana,22,165,60
John,28,175,70
Alice,24,160,55
Bob,30,180,80
Diana,22,165,60
John,28,175,70
Alice,24,160,55
Bob,30,180,80
Diana,22,165,60
John,28,175,70
Alice,24,160,55
Bob,30,180,80
Diana,22,165,60
John,28,175,70
Alice,24,160,55
Bob,30,180,80
Diana,22,165,60
John,28,175,70
Alice,24,160,55
Bob,30,180,80
Diana,22,165,60
John,28,175,70
Alice,24,160,55
Bob,30,180,80
Diana,22,165,60
John,28,175,70
Alice,24,160,55
Bob,30,180,80
Diana,22,165,60
John,28,175,70
Alice,24,160,55
Bob,30,180,80
Diana,22,165,60
John,28,175,70
Alice,24,160,55
Bob,30,180,80
Diana,22,165,60
John,28,175,70
Alice,24,160,55
Bob,30,180,80
Diana,22,165,60
John,28,175,70
Alice,24,160,55
Bob,30,180,80
Diana,22,165,60
John,28,175,70
Alice,24,160,55
Bob,30,180,80
Diana,22,165,60
John,28,175,70
Alice,24,160,55
Bob,30,180,80
Diana,22,165,60
John,28,175,70
Alice,24,160,55
Bob,30,180,80
Diana,22,165,60
John,28,175,70
Alice,24,160,55
Bob,30,180,80
Diana,22,165,60
John,28,175,70
Alice,24,160,55
Bob,30,180,80
Diana,22,165,60
John,28,175,70
Alice,24,160,55
Bob,30,180,80
Diana,22,165,60
John,28,175,70
Alice,24,160,55
Bob,30,180,80
Diana,22,165,60
John,28,175,70
Alice,24,160,55
Bob,30,180,80
Diana,22,165,60
John,28,175,70
Alice,24,160,55
Bob,30,180,80
Diana,22,165,60
John,28,175,70
Alice,24,160,55
Bob,30,180,80
Diana,22,165,60
John,28,175,70
Alice,24,160,55
Bob,30,180,80
Diana,22,165,60
John,28,175,70
Alice,24,160,55
Bob,30,180,80
Diana,22,165,60
John,28,175,70
Alice,24,160,55
Bob,30,180,80
Diana,22,165,60
John,28,175,70
Alice,24,160,55
Bob,30,180,80
Diana,22,165,60
John,28,175,70
Alice,24,160,55
Bob,30,180,80
Diana,22,165,60
John,28,175,70
Alice,24,160,55
Bob,30,180,80
Diana,22,165,60
John,28,175,70
Alice,24,160,55
Bob,30,180,80
Diana,22,165,60
John,28,175,70
Alice,24,160,55
Bob,30,180,80
Diana,22,165,60
John,28,175,70
Alice,24,160,55
Bob,30,180,80
Diana,22,165,60
John,28,175,70
Alice,24,160,55
Bob,30,180,80
Diana,22,165,60
John,28,175,70
Alice,24,160,55
Bob,30,180,80
Diana,22,165,60
John,28,175,70
Alice,24,160,55
Bob,30,180,80
Diana,22,165,60
John,28,175,70
Alice,24,160,55
Bob,30,180,80
Diana,22,165,60
John,28,175,70
Alice,24,160,55
Bob,30,180,80
Diana,22,165,60
John,28,175,70
Alice,24,160,55
Bob,30,180,80
Diana,22,165,60
John,28,175,70
Alice,24,160,55
Bob,30,180,80
Diana,22,165,60
John,28,175,70
Alice,24,160,55
Bob,30,180,80
Diana,22,165,60
John,28,175,70
Alice,24,160,55
Bob,30,180,80
Diana,22,165,60
John,28,175,70
Alice,24,160,55
Bob,30,180,80
Diana,22,165,60
John,28,175,70
Alice,24,160,55
Bob,30,180,80
Diana,22,165,60
